MCQ,Choices,Correct
What is the main idea behind the YOLO object detection system?,a: Using a single convolutional network to predict bounding boxes and class probabilities directly from images. | b: Repurposing classifiers to perform object detection. | c: Using region proposal methods to generate potential bounding boxes. | d: Employing a sliding window approach to evaluate classifiers at various locations.,a
How does YOLO reason globally about the image?,a: By dividing the image into a grid and having each grid cell predict bounding boxes and class probabilities. | b: By using a sliding window approach to evaluate the entire image. | c: By generating region proposals and running a classifier on each proposed box. | d: By using a complex pipeline of separate components.,a
What are the benefits of YOLO's unified architecture?,a: It is extremely fast and can process images in real-time. | b: It learns generalizable representations of objects. | c: It makes fewer localization errors than other methods. | d: All of the above.,d
What is the main difference between YOLO and traditional object detection methods?,a: YOLO uses a single neural network while traditional methods use separate components. | b: YOLO is faster and more accurate than traditional methods. | c: YOLO learns generalizable representations of objects while traditional methods do not. | d: YOLO is easier to train and optimize than traditional methods.,a
How does YOLO handle the prediction of multiple bounding boxes per grid cell?,a: It uses non-maximal suppression to eliminate duplicate detections. | b: It assigns one bounding box predictor to be responsible for each object. | c: It predicts all bounding boxes across all classes simultaneously. | d: It uses a separate classifier for each bounding box.,b
What is the main source of error in YOLO?,a: Incorrect classification of objects. | b: Incorrect localization of objects. | c: False positives on background. | d: Missing objects in the image.,b
How does YOLO compare to Fast R-CNN in terms of localization and background errors?,a: YOLO makes more localization errors but fewer background errors than Fast R-CNN. | b: YOLO makes fewer localization errors but more background errors than Fast R-CNN. | c: YOLO and Fast R-CNN have similar error rates. | d: YOLO is more accurate than Fast R-CNN in all aspects.,a
How does combining YOLO with Fast R-CNN improve performance?,a: YOLO's ability to eliminate background detections from Fast R-CNN results in a significant performance boost. | b: YOLO's faster processing speed allows for a more efficient combination with Fast R-CNN. | c: YOLO's generalizable representations of objects complement Fast R-CNN's accuracy. | d: YOLO and Fast R-CNN have complementary strengths that result in a more robust system.,a
Why does YOLO generalize better to new domains than other detection systems?,"a: It uses a single convolutional network that learns generalizable representations of objects. | b: It is trained on a loss function that directly corresponds to detection performance. | c: It models the size and shape of objects, as well as relationships between objects. | d: All of the above.",d
What makes YOLO suitable for real-time applications?,a: Its ability to process images in real-time with low latency. | b: Its high accuracy and generalizability. | c: Its ability to handle a variety of objects simultaneously. | d: All of the above.,d
